GLOBALEVENTID	SQLDATE	MonthYear	Year	FractionDate	Actor1Code	Actor1Name	Actor1CountryCode	Actor1KnownGroupCode	Actor1EthnicCode	Actor1Religion1Code	Actor1Religion2Code	Actor1Type1Code	Actor1Type2Code	Actor1Type3Code	Actor2Code	Actor2Name	Actor2CountryCode	Actor2KnownGroupCode	Actor2EthnicCode	Actor2Religion1Code	Actor2Religion2Code	Actor2Type1Code	Actor2Type2Code	Actor2Type3Code	IsRootEvent	EventCode	EventBaseCode	EventRootCode	QuadClass	GoldsteinScale	NumMentions	NumSources	NumArticles	AvgTone	Actor1Geo_Type	Actor1Geo_FullName	Actor1Geo_CountryCode	Actor1Geo_ADM1Code	Actor1Geo_ADM2Code	Actor1Geo_Lat	Actor1Geo_Long	Actor1Geo_FeatureID	Actor2Geo_Type	Actor2Geo_FullName	Actor2Geo_CountryCode	Actor2Geo_ADM1Code	Actor2Geo_ADM2Code	Actor2Geo_Lat	Actor2Geo_Long	Actor2Geo_FeatureID	ActionGeo_Type	ActionGeo_FullName	ActionGeo_CountryCode	ActionGeo_ADM1Code	ActionGeo_ADM2Code	ActionGeo_Lat	ActionGeo_Long	ActionGeo_FeatureID	DATEADDED	SOURCEURL

410412347	20140218	201402	2014	2014.1315											GOV	PRESIDENT						GOV			0	043	043	04	1	2.8	5	1	5	-4.4776119402985	0								4	Waterkloof, Free State, South Africa	SF	SF03	77359	-30.3098	25.2971	-1299321	4	Waterkloof, Free State, South Africa	SF	SF03	77359	-30.3098	25.2971	-1299321	20150218230000	http://www.dailymaverick.co.za/article/2015-02-19-sona2015-jamming-state-security-agency-steps-forward-blames-low-ranking-operator/
410412348	20140218	201402	2014	2014.1315											IND	MUMBAI	IND								1	042	042	04	1	1.9	5	1	5	2.07852193995381	0								4	Mumbai, Maharashtra, India	IN	IN16	70184	18.975	72.8258	-2092174	4	Bengaluru, Karnataka, India	IN	IN19	70159	12.9833	77.5833	-2090174	20150218230000	http://timesofindia.indiatimes.com/city/bengaluru/Feline-beauties-to-strut-their-stuff/articleshow/46292006.cms
410412349	20140218	201402	2014	2014.1315											NZL	KIWI	NZL								1	042	042	04	1	1.9	1	1	1	7.51708428246014	0								1	New Zealand	NZ	NZ		-41	174	NZ	4	Great Southern, Victoria, Australia	AS	AS07	5387	-36.0667	146.483	-1576477	20150218230000	http://www.voxy.co.nz/entertainment/coast-new-zealand-production-tv-one/5/214255
410412350	20140218	201402	2014	2014.1315											NZL	KIWI	NZL								1	042	042	04	1	1.9	2	1	2	7.51708428246014	0								1	New Zealand	NZ	NZ		-41	174	NZ	1	New Zealand	NZ	NZ		-41	174	NZ	20150218230000	http://www.voxy.co.nz/entertainment/coast-new-zealand-production-tv-one/5/214255
410412351	20140218	201402	2014	2014.1315											USA	LOS ANGELES	USA								1	042	042	04	1	1.9	10	1	10	0	0								2	Idaho, United States	US	USID		44.2394	-114.51	ID	2	Idaho, United States	US	USID		44.2394	-114.51	ID	20150218230000	http://www.eastidahonews.com/2015/02/neil-patrick-harris-on-why-hes-haunted-by-ellen-degeneres-oscars-selfie/
410412352	20140218	201402	2014	2014.1315	AUS	AUSTRALIA	AUS								BUS	INVESTOR						BUS			1	013	013	01	1	0.4	2	1	2	-1.26382306477093	4	Brisbane, Queensland, Australia	AS	AS04	154654	-27.5	153.017	-1561728	4	Brisbane, Queensland, Australia	AS	AS04	154654	-27.5	153.017	-1561728	4	Brisbane, Queensland, Australia	AS	AS04	154654	-27.5	153.017	-1561728	20150218230000	http://www.businessspectator.com.au/article/2015/2/19/dataroom/dataroom-am-tailgating-toll
410412353	20140218	201402	2014	2014.1315	AUS	AUSTRALIAN	AUS								NZL	NEW ZEALAND	NZL								1	042	042	04	1	1.9	1	1	1	7.51708428246014	4	Great Southern, Victoria, Australia	AS	AS07	5387	-36.0667	146.483	-1576477	1	New Zealand	NZ	NZ		-41	174	NZ	4	Great Southern, Victoria, Australia	AS	AS07	5387	-36.0667	146.483	-1576477	20150218230000	http://www.voxy.co.nz/entertainment/coast-new-zealand-production-tv-one/5/214255
410412354	20140218	201402	2014	2014.1315	AUS	AUSTRALIA	AUS								NZL	KIWI	NZL								1	042	042	04	1	1.9	1	1	1	7.51708428246014	4	Great Southern, Victoria, Australia	AS	AS07	5387	-36.0667	146.483	-1576477	1	New Zealand	NZ	NZ		-41	174	NZ	1	New Zealand	NZ	NZ		-41	174	NZ	20150218230000	http://www.voxy.co.nz/entertainment/coast-new-zealand-production-tv-one/5/214255
410412355	20140218	201402	2014	2014.1315	AUS	AUSTRALIA	AUS								NZL	KIWI	NZL								1	042	042	04	1	1.9	1	1	1	7.51708428246014	1	New Zealand	NZ	NZ		-41	174	NZ	4	Great Southern, Victoria, Australia	AS	AS07	5387	-36.0667	146.483	-1576477	4	Great Southern, Victoria, Australia	AS	AS07	5387	-36.0667	146.483	-1576477	20150218230000	http://www.voxy.co.nz/entertainment/coast-new-zealand-production-tv-one/5/214255
410412356	20140218	201402	2014	2014.1315	AUS	AUSTRALIAN	AUS								NZL	NEW ZEALAND	NZL								1	042	042	04	1	1.9	1	1	1	7.51708428246014	1	New Zealand	NZ	NZ		-41	174	NZ	1	New Zealand	NZ	NZ		-41	174	NZ	1	New Zealand	NZ	NZ		-41	174	NZ	20150218230000	http://www.voxy.co.nz/entertainment/coast-new-zealand-production-tv-one/5/214255
410412357	20140218	201402	2014	2014.1315	AUSBUS	AUSTRALIA	AUS					BUS			BUS	INVESTOR						BUS			1	010	010	01	1	0.0	2	1	2	-1.26382306477093	4	Brisbane, Queensland, Australia	AS	AS04	154654	-27.5	153.017	-1561728	4	Brisbane, Queensland, Australia	AS	AS04	154654	-27.5	153.017	-1561728	4	Brisbane, Queensland, Australia	AS	AS04	154654	-27.5	153.017	-1561728	20150218230000	http://www.businessspectator.com.au/article/2015/2/19/dataroom/dataroom-am-tailgating-toll
410412358	20140218	201402	2014	2014.1315	BUS	COMPANY						BUS													1	010	010	01	1	0.0	10	1	10	5.26315789473684	0								0								0								20150218230000	http://www.nasdaq.com/article/trinity-industries-q4-results-top-estimates-20150218-01074
410412359	20140218	201402	2014	2014.1315	BUS	COMPANY						BUS													1	071	071	07	2	7.4	6	1	6	2.0746887966805	3	Boston, Massachusetts, United States	US	USMA	MA025	42.3584	-71.0598	617565	0								2	New York, United States	US	USNY		42.1497	-74.9384	NY	20150218230000	http://www.betaboston.com/tag/museums/
410412360	20140218	201402	2014	2014.1315	CHN	CHINESE	CHN								BUS	COMPANIES						BUS			0	080	080	08	2	5.0	3	1	3	-5.48302872062663	4	Shenzhen, Guangdong, China	CH	CH30	13036	22.2	111.117	-1925267	1	Japan	JA	JA		36	138	JA	4	Shenzhen, Guangdong, China	CH	CH30	13036	22.2	111.117	-1925267	20150218230000	http://www.dailytimes.com.pk/business/19-Feb-2015/kaisa-debt-surge-raises-red-flag-on-chinese-developers-leverage
410412361	20140218	201402	2014	2014.1315	COP	POLICE						COP			TUR	TURKEY	TUR								0	190	190	19	4	-10.0	16	1	16	-5.07246376811594	4	Gezi, Kayseri, Turkey	TU	TU38	28006	38.7918	35.6592	-749675	4	Gezi, Kayseri, Turkey	TU	TU38	28006	38.7918	35.6592	-749675	4	Gezi, Kayseri, Turkey	TU	TU38	28006	38.7918	35.6592	-749675	20150218230000	http://www.hurriyetdailynews.com/giving-the-police-a-blank-check.aspx?pageID=238&nid=78524&NewsCatID=416
410412362	20140218	201402	2014	2014.1315	CVL	RESIDENTS						CVL													0	010	010	01	1	0.0	10	1	10	-0.29154518950437	4	Dwarka, Gujarat, India	IN	IN09	17641	22.2394	68.9678	-2095389	0								4	Dwarka, Gujarat, India	IN	IN09	17641	22.2394	68.9678	-2095389	20150218230000	http://timesofindia.indiatimes.com/City/Delhi/DDA-corporation-told-to-explain-Dwarka-sanitation-hold-up/articleshow/46293870.cms
410412363	20140218	201402	2014	2014.1315	CVL	RESIDENTS						CVL													0	120	120	12	3	-4.0	10	1	10	-0.29154518950437	4	Dwarka, Gujarat, India	IN	IN09	17641	22.2394	68.9678	-2095389	0								4	Dwarka, Gujarat, India	IN	IN09	17641	22.2394	68.9678	-2095389	20150218230000	http://timesofindia.indiatimes.com/City/Delhi/DDA-corporation-told-to-explain-Dwarka-sanitation-hold-up/articleshow/46293870.cms
410412364	20140218	201402	2014	2014.1315	EDU	STUDENT						EDU													1	070	070	07	2	7.0	2	1	2	0	3	Manhattan, New York, United States	US	USNY	NY061	40.7834	-73.9662	971945	0								3	Manhattan, New York, United States	US	USNY	NY061	40.7834	-73.9662	971945	20150218230000	http://www.portlandmercury.com/portland/what-fuckery-is-this/Content?oid=15009413
410412365	20140218	201402	2014	2014.1315	GOV	CITY MANAGER						GOV													1	014	014	01	1	0.0	10	1	10	-2.37580993520518	3	Dallas, Texas, United States	US	USTX	TX113	32.7831	-96.8067	1380944	0								3	Dallas, Texas, United States	US	USTX	TX113	32.7831	-96.8067	1380944	20150218230000	http://cityhallblog.dallasnews.com/2015/02/dallas-city-council-voices-concern-ideas-on-city-poverty-data.html
410412366	20140218	201402	2014	2014.1315	GOV	PRESIDENT						GOV													0	042	042	04	1	1.9	3	1	3	-4.4776119402985	4	Nkandla, KwaZulu-Natal, South Africa	SF	SF02	77336	-28.6207	31.0907	-1266423	0								4	Nkandla, KwaZulu-Natal, South Africa	SF	SF02	77336	-28.6207	31.0907	-1266423	20150218230000	http://www.dailymaverick.co.za/article/2015-02-19-sona2015-jamming-state-security-agency-steps-forward-blames-low-ranking-operator/
410412367	20140218	201402	2014	2014.1315	GOV	PRESIDENT						GOV													0	042	042	04	1	1.9	2	1	2	-4.4776119402985	4	Waterkloof, Free State, South Africa	SF	SF03	77359	-30.3098	25.2971	-1299321	0								4	Waterkloof, Free State, South Africa	SF	SF03	77359	-30.3098	25.2971	-1299321	20150218230000	http://www.dailymaverick.co.za/article/2015-02-19-sona2015-jamming-state-security-agency-steps-forward-blames-low-ranking-operator/
410412368	20140218	201402	2014	2014.1315	IGOMOSOIC	EKMELEDDIN IHSANOGLU		OIC		MOS		IGO													0	190	190	19	4	-10.0	5	1	5	1.15761353517364	4	Ankara, Ankara, Turkey	TU	TU68	27516	39.9272	32.8644	-735338	0								4	Ankara, Ankara, Turkey	TU	TU68	27516	39.9272	32.8644	-735338	20150218230000	http://www.al-monitor.com/pulse/originals/2015/02/turkey-opposition-united-states-electoral-campaign.html
410412369	20140218	201402	2014	2014.1315	IND	MUMBAI	IND																		1	043	043	04	1	2.8	5	1	5	2.07852193995381	4	Bengaluru, Karnataka, India	IN	IN19	70159	12.9833	77.5833	-2090174	0								4	Bengaluru, Karnataka, India	IN	IN19	70159	12.9833	77.5833	-2090174	20150218230000	http://timesofindia.indiatimes.com/city/bengaluru/Feline-beauties-to-strut-their-stuff/articleshow/46292006.cms
410412370	20140218	201402	2014	2014.1315	IND	DELHI	IND																		1	071	071	07	2	7.4	6	1	6	3.51758793969849	4	Delhi, Delhi, India	IN	IN07	17911	28.6667	77.2167	-2094230	0								4	Delhi, Delhi, India	IN	IN07	17911	28.6667	77.2167	-2094230	20150218230000	http://www.lansingstatejournal.com/story/news/local/2015/02/18/holt-parks-plan/23628173/
410412371	20140218	201402	2014	2014.1315	IND	MUMBAI	IND																		1	114	114	11	3	-2.0	1	1	1	-6.95652173913044	4	Hojai, Assam, India	IN	IN03	17589	26	92.8667	-2097551	0								4	Hojai, Assam, India	IN	IN03	17589	26	92.8667	-2097551	20150218230000	http://timesofindia.indiatimes.com/city/guwahati/AHRC-to-move-HC-over-police-inaction/articleshow/46291120.cms
410412372	20140218	201402	2014	2014.1315	IND	MUMBAI	IND																		1	114	114	11	3	-2.0	2	1	2	-6.95652173913044	4	Hojai, Assam, India	IN	IN03	17589	26	92.8667	-2097551	0								4	Nagaon, Maharashtra, India	IN	IN16	17781	17.4667	73.6167	-2105282	20150218230000	http://timesofindia.indiatimes.com/city/guwahati/AHRC-to-move-HC-over-police-inaction/articleshow/46291120.cms
410412373	20140218	201402	2014	2014.1315	IRQ	IRAQ	IRQ								USA	UNITED STATES	USA								0	043	043	04	1	2.8	4	3	4	-1.11003760995979	1	Iraq	IZ	IZ		33	44	IZ	3	Chicago, Illinois, United States	US	USIL	IL031	41.85	-87.6501	423587	3	Chicago, Illinois, United States	US	USIL	IL031	41.85	-87.6501	423587	20150218230000	http://hosted2.ap.org/APDEFAULT/89ae8247abe8493fae24405546e9a1aa/Article_2015-02-18-US--GOP%202016-Bush%20Foreign%20Policy/id-73efbb63762c409f88ee7116da2a3e66
410412374	20140218	201402	2014	2014.1315	IRQ	IRAQ	IRQ								USA	UNITED STATES	USA								0	043	043	04	1	2.8	4	3	4	-1.11003760995979	1	Iraq	IZ	IZ		33	44	IZ	3	Chicago, Illinois, United States	US	USIL	IL031	41.85	-87.6501	423587	1	Iraq	IZ	IZ		33	44	IZ	20150218230000	http://hosted2.ap.org/APDEFAULT/89ae8247abe8493fae24405546e9a1aa/Article_2015-02-18-US--GOP%202016-Bush%20Foreign%20Policy/id-73efbb63762c409f88ee7116da2a3e66
410412375	20140218	201402	2014	2014.1315	IRQ	IRAQ	IRQ								USAMIL	AMERICAN TROOPS	USA					MIL			0	043	043	04	1	2.8	4	3	4	-1.11003760995979	1	Iraq	IZ	IZ		33	44	IZ	3	Chicago, Illinois, United States	US	USIL	IL031	41.85	-87.6501	423587	3	Chicago, Illinois, United States	US	USIL	IL031	41.85	-87.6501	423587	20150218230000	http://hosted2.ap.org/APDEFAULT/89ae8247abe8493fae24405546e9a1aa/Article_2015-02-18-US--GOP%202016-Bush%20Foreign%20Policy/id-73efbb63762c409f88ee7116da2a3e66
410412376	20140218	201402	2014	2014.1315	JUD	SUPREME COURT						JUD			USA	WISCONSIN	USA								0	120	120	12	3	-4.0	8	1	8	-0.72463768115942	2	Wisconsin, United States	US	USWI		44.2563	-89.6385	WI	2	Wisconsin, United States	US	USWI		44.2563	-89.6385	WI	2	Wisconsin, United States	US	USWI		44.2563	-89.6385	WI	20150218230000	http://www.msnbc.com/msnbc/mississippi-supreme-court-abortion-law
410412377	20140218	201402	2014	2014.1315	MNCUSAMED	GOOGLE	USA					MNC	MED		EUR	EUROPE	EUR								1	071	071	07	2	7.4	10	1	10	0	1	Japan	JA	JA		36	138	JA	4	London, London, City of, United Kingdom	UK	UKH9	40110	51.5	-0.116667	-2601889	4	London, London, City of, United Kingdom	UK	UKH9	40110	51.5	-0.116667	-2601889	20150218230000	http://techstory.in/google-capital-3345444/
410412378	20140218	201402	2014	2014.1315	MOS	ISLAMIC				MOS					USA	UNITED STATES	USA								0	190	190	19	4	-10.0	8	3	8	-1.11003760995979	1	Iraq	IZ	IZ		33	44	IZ	3	Chicago, Illinois, United States	US	USIL	IL031	41.85	-87.6501	423587	1	Iraq	IZ	IZ		33	44	IZ	20150218230000	http://hosted2.ap.org/APDEFAULT/89ae8247abe8493fae24405546e9a1aa/Article_2015-02-18-US--GOP%202016-Bush%20Foreign%20Policy/id-73efbb63762c409f88ee7116da2a3e66
410412379	20140218	201402	2014	2014.1315	MOS	ISLAMIC				MOS					USAMIL	AMERICAN TROOPS	USA					MIL			0	190	190	19	4	-10.0	4	3	4	-1.11003760995979	1	Iraq	IZ	IZ		33	44	IZ	3	Chicago, Illinois, United States	US	USIL	IL031	41.85	-87.6501	423587	1	Iraq	IZ	IZ		33	44	IZ	20150218230000	http://hosted2.ap.org/APDEFAULT/89ae8247abe8493fae24405546e9a1aa/Article_2015-02-18-US--GOP%202016-Bush%20Foreign%20Policy/id-73efbb63762c409f88ee7116da2a3e66
410412380	20140218	201402	2014	2014.1315	NZL	KIWI	NZL																		1	043	043	04	1	2.8	1	1	1	7.51708428246014	1	New Zealand	NZ	NZ		-41	174	NZ	0								4	Great Southern, Victoria, Australia	AS	AS07	5387	-36.0667	146.483	-1576477	20150218230000	http://www.voxy.co.nz/entertainment/coast-new-zealand-production-tv-one/5/214255
410412381	20140218	201402	2014	2014.1315	NZL	KIWI	NZL																		1	043	043	04	1	2.8	2	1	2	7.51708428246014	1	New Zealand	NZ	NZ		-41	174	NZ	0								1	New Zealand	NZ	NZ		-41	174	NZ	20150218230000	http://www.voxy.co.nz/entertainment/coast-new-zealand-production-tv-one/5/214255
410412382	20140218	201402	2014	2014.1315	NZL	KIWI	NZL								AUS	AUSTRALIA	AUS								1	043	043	04	1	2.8	1	1	1	7.51708428246014	4	Great Southern, Victoria, Australia	AS	AS07	5387	-36.0667	146.483	-1576477	1	New Zealand	NZ	NZ		-41	174	NZ	4	Great Southern, Victoria, Australia	AS	AS07	5387	-36.0667	146.483	-1576477	20150218230000	http://www.voxy.co.nz/entertainment/coast-new-zealand-production-tv-one/5/214255
410412383	20140218	201402	2014	2014.1315	NZL	NEW ZEALAND	NZL								AUS	AUSTRALIAN	AUS								1	043	043	04	1	2.8	1	1	1	7.51708428246014	1	New Zealand	NZ	NZ		-41	174	NZ	4	Great Southern, Victoria, Australia	AS	AS07	5387	-36.0667	146.483	-1576477	4	Great Southern, Victoria, Australia	AS	AS07	5387	-36.0667	146.483	-1576477	20150218230000	http://www.voxy.co.nz/entertainment/coast-new-zealand-production-tv-one/5/214255
410412384	20140218	201402	2014	2014.1315	NZL	KIWI	NZL								AUS	AUSTRALIA	AUS								1	043	043	04	1	2.8	1	1	1	7.51708428246014	1	New Zealand	NZ	NZ		-41	174	NZ	4	Great Southern, Victoria, Australia	AS	AS07	5387	-36.0667	146.483	-1576477	1	New Zealand	NZ	NZ		-41	174	NZ	20150218230000	http://www.voxy.co.nz/entertainment/coast-new-zealand-production-tv-one/5/214255
410412385	20140218	201402	2014	2014.1315	NZL	NEW ZEALAND	NZL								AUS	AUSTRALIAN	AUS								1	043	043	04	1	2.8	1	1	1	7.51708428246014	1	New Zealand	NZ	NZ		-41	174	NZ	1	New Zealand	NZ	NZ		-41	174	NZ	1	New Zealand	NZ	NZ		-41	174	NZ	20150218230000	http://www.voxy.co.nz/entertainment/coast-new-zealand-production-tv-one/5/214255
410412386	20140218	201402	2014	2014.1315	UKR	UKRAINE	UKR								RUS	RUSSIA	RUS								0	112	112	11	3	-2.0	4	1	4	-4.6448087431694	4	Kyiv, Kyyiv, Misto, Ukraine	UP	UP12	28554	50.4333	30.5167	-1044367	4	Kyiv, Kyyiv, Misto, Ukraine	UP	UP12	28554	50.4333	30.5167	-1044367	4	Kyiv, Kyyiv, Misto, Ukraine	UP	UP12	28554	50.4333	30.5167	-1044367	20150218230000	http://www.dw.de/debaltseve-under-rebel-control-ukraine-troops-retreat/a-18267982
410412387	20140218	201402	2014	2014.1315	UKR	UKRAINE	UKR								RUS	RUSSIA	RUS								0	112	112	11	3	-2.0	6	1	6	-4.6448087431694	4	Kyiv, Kyyiv, Misto, Ukraine	UP	UP12	28554	50.4333	30.5167	-1044367	4	Moscow, Moskva, Russia	RS	RS48	25106	55.7522	37.6156	-2960561	4	Kyiv, Kyyiv, Misto, Ukraine	UP	UP12	28554	50.4333	30.5167	-1044367	20150218230000	http://www.dw.de/debaltseve-under-rebel-control-ukraine-troops-retreat/a-18267982
410412388	20140218	201402	2014	2014.1315	USA	LOS ANGELES	USA																		1	043	043	04	1	2.8	10	1	10	0	2	Idaho, United States	US	USID		44.2394	-114.51	ID	0								2	Idaho, United States	US	USID		44.2394	-114.51	ID	20150218230000	http://www.eastidahonews.com/2015/02/neil-patrick-harris-on-why-hes-haunted-by-ellen-degeneres-oscars-selfie/
410412389	20140218	201402	2014	2014.1315	USA	NEW YORK	USA								BUS	COMPANY						BUS			1	071	071	07	2	7.4	14	1	14	2.0746887966805	2	New York, United States	US	USNY		42.1497	-74.9384	NY	2	New York, United States	US	USNY		42.1497	-74.9384	NY	2	New York, United States	US	USNY		42.1497	-74.9384	NY	20150218230000	http://www.betaboston.com/tag/museums/
410412390	20140218	201402	2014	2014.1315	USA	UNITED STATES	USA								EDU	STUDENT						EDU			1	070	070	07	2	7.0	8	1	8	0	3	Manhattan, New York, United States	US	USNY	NY061	40.7834	-73.9662	971945	3	Manhattan, New York, United States	US	USNY	NY061	40.7834	-73.9662	971945	3	Manhattan, New York, United States	US	USNY	NY061	40.7834	-73.9662	971945	20150218230000	http://www.portlandmercury.com/portland/what-fuckery-is-this/Content?oid=15009413
410412391	20140218	201402	2014	2014.1315	USA	UNITED STATES	USA								IRQ	IRAQ	IRQ								0	042	042	04	1	1.9	4	3	4	-1.11003760995979	3	Chicago, Illinois, United States	US	USIL	IL031	41.85	-87.6501	423587	1	Iraq	IZ	IZ		33	44	IZ	3	Chicago, Illinois, United States	US	USIL	IL031	41.85	-87.6501	423587	20150218230000	http://hosted2.ap.org/APDEFAULT/89ae8247abe8493fae24405546e9a1aa/Article_2015-02-18-US--GOP%202016-Bush%20Foreign%20Policy/id-73efbb63762c409f88ee7116da2a3e66
410412392	20140218	201402	2014	2014.1315	USA	UNITED STATES	USA								IRQ	IRAQ	IRQ								0	042	042	04	1	1.9	4	3	4	-1.11003760995979	3	Chicago, Illinois, United States	US	USIL	IL031	41.85	-87.6501	423587	1	Iraq	IZ	IZ		33	44	IZ	1	Iraq	IZ	IZ		33	44	IZ	20150218230000	http://hosted2.ap.org/APDEFAULT/89ae8247abe8493fae24405546e9a1aa/Article_2015-02-18-US--GOP%202016-Bush%20Foreign%20Policy/id-73efbb63762c409f88ee7116da2a3e66
410412393	20140218	201402	2014	2014.1315	USA	UNITED STATES	USA								MOS	ISLAMIC				MOS					0	072	072	07	2	8.3	8	3	8	-1.11003760995979	3	Chicago, Illinois, United States	US	USIL	IL031	41.85	-87.6501	423587	1	Iraq	IZ	IZ		33	44	IZ	1	Iraq	IZ	IZ		33	44	IZ	20150218230000	http://hosted2.ap.org/APDEFAULT/89ae8247abe8493fae24405546e9a1aa/Article_2015-02-18-US--GOP%202016-Bush%20Foreign%20Policy/id-73efbb63762c409f88ee7116da2a3e66
410412394	20140218	201402	2014	2014.1315	USA	UNITED STATES	USA								MOS	ISLAMIC				MOS					0	190	190	19	4	-10.0	8	3	8	-1.11003760995979	3	Chicago, Illinois, United States	US	USIL	IL031	41.85	-87.6501	423587	1	Iraq	IZ	IZ		33	44	IZ	1	Iraq	IZ	IZ		33	44	IZ	20150218230000	http://hosted2.ap.org/APDEFAULT/89ae8247abe8493fae24405546e9a1aa/Article_2015-02-18-US--GOP%202016-Bush%20Foreign%20Policy/id-73efbb63762c409f88ee7116da2a3e66
410412395	20140218	201402	2014	2014.1315	USAGOV	OBAMA	USA					GOV			USA	UNITED STATES	USA								1	020	020	02	1	3.0	4	1	4	-2.07253886010363	2	Idaho, United States	US	USID		44.2394	-114.51	ID	2	Idaho, United States	US	USID		44.2394	-114.51	ID	2	Idaho, United States	US	USID		44.2394	-114.51	ID	20150218230000	http://www.eastidahonews.com/2015/02/obama-taps-veteran-secret-service-agent-joseph-clancy-to-lead-agency/
410412396	20140218	201402	2014	2014.1315	USAMIL	AMERICAN TROOPS	USA					MIL			IRQ	IRAQ	IRQ								0	042	042	04	1	1.9	4	3	4	-1.11003760995979	3	Chicago, Illinois, United States	US	USIL	IL031	41.85	-87.6501	423587	1	Iraq	IZ	IZ		33	44	IZ	3	Chicago, Illinois, United States	US	USIL	IL031	41.85	-87.6501	423587	20150218230000	http://hosted2.ap.org/APDEFAULT/89ae8247abe8493fae24405546e9a1aa/Article_2015-02-18-US--GOP%202016-Bush%20Foreign%20Policy/id-73efbb63762c409f88ee7116da2a3e66
410412397	20140218	201402	2014	2014.1315	USAMIL	AMERICAN TROOPS	USA					MIL			MOS	ISLAMIC				MOS					0	072	072	07	2	8.3	4	3	4	-1.11003760995979	3	Chicago, Illinois, United States	US	USIL	IL031	41.85	-87.6501	423587	1	Iraq	IZ	IZ		33	44	IZ	1	Iraq	IZ	IZ		33	44	IZ	20150218230000	http://hosted2.ap.org/APDEFAULT/89ae8247abe8493fae24405546e9a1aa/Article_2015-02-18-US--GOP%202016-Bush%20Foreign%20Policy/id-73efbb63762c409f88ee7116da2a3e66
410412398	20140218	201402	2014	2014.1315	USAMIL	AMERICAN TROOPS	USA					MIL			MOS	ISLAMIC				MOS					0	190	190	19	4	-10.0	4	3	4	-1.11003760995979	3	Chicago, Illinois, United States	US	USIL	IL031	41.85	-87.6501	423587	1	Iraq	IZ	IZ		33	44	IZ	1	Iraq	IZ	IZ		33	44	IZ	20150218230000	http://hosted2.ap.org/APDEFAULT/89ae8247abe8493fae24405546e9a1aa/Article_2015-02-18-US--GOP%202016-Bush%20Foreign%20Policy/id-73efbb63762c409f88ee7116da2a3e66
410412399	20150119	201501	2015	2015.0521											PAK	PAKISTAN	PAK								1	046	046	04	1	7.0	2	1	2	-4.27350427350427	0								4	Gandhinagar, Gujarat, India	IN	IN09	17645	23.2167	72.6833	-2095816	1	Pakistan	PK	PK		30	70	PK	20150218230000	http://www.dailymail.co.uk/indiahome/indianews/article-2959193/WHIPLASH-Terror-boat-returns-haunt-Government.html
410412400	20150119	201501	2015	2015.0521	COP	PRISON						COP													1	084	084	08	2	7.0	1	1	1	-2.3972602739726	3	Dallas, Texas, United States	US	USTX	TX113	32.7831	-96.8067	1380944	0								3	Portland State University, Oregon, United States	US	USOR		45.5112	-122.685	1125585	20150218230000	http://www.fox4news.com/story/28140777/apnewsbreak-outgoing-gov-john-kitzhaber-commutes-sentence
410412401	20150119	201501	2015	2015.0521	COP	PRISON						COP													1	084	084	08	2	7.0	1	1	1	-2.31023102310231	2	Texas, United States	US	USTX		31.106	-97.6475	TX	0								3	Portland State University, Oregon, United States	US	USOR		45.5112	-122.685	1125585	20150218230000	http://www.kxxv.com/story/28140777/apnewsbreak-outgoing-gov-john-kitzhaber-commutes-sentence
410412402	20150119	201501	2015	2015.0521	COP	PRISON						COP													1	173	173	17	4	-5.0	1	1	1	-2.3972602739726	3	Portland State University, Oregon, United States	US	USOR	OR051	45.5112	-122.685	1125585	0								3	Dallas, Texas, United States	US	USTX	TX113	32.7831	-96.8067	1380944	20150218230000	http://www.fox4news.com/story/28140777/apnewsbreak-outgoing-gov-john-kitzhaber-commutes-sentence
410412403	20150119	201501	2015	2015.0521	COP	PRISON						COP													1	173	173	17	4	-5.0	1	1	1	-2.31023102310231	3	Portland State University, Oregon, United States	US	USOR	OR051	45.5112	-122.685	1125585	0								2	Texas, United States	US	USTX		31.106	-97.6475	TX	20150218230000	http://www.kxxv.com/story/28140777/apnewsbreak-outgoing-gov-john-kitzhaber-commutes-sentence
410412404	20150119	201501	2015	2015.0521	COP	PRISON						COP													1	173	173	17	4	-5.0	1	1	1	-2.3972602739726	3	Dallas, Texas, United States	US	USTX	TX113	32.7831	-96.8067	1380944	0								3	Dallas, Texas, United States	US	USTX	TX113	32.7831	-96.8067	1380944	20150218230000	http://www.fox4news.com/story/28140777/apnewsbreak-outgoing-gov-john-kitzhaber-commutes-sentence
410412405	20150119	201501	2015	2015.0521	EDU	STUDENT						EDU			USA	UNITED STATES	USA								1	112	112	11	3	-2.0	4	1	4	-5.70570570570571	3	Northridge Middle School, Arkansas, United States	US	USAR	AR033	35.4773	-94.3594	2039101	3	Northridge Middle School, Arkansas, United States	US	USAR		35.4773	-94.3594	2039101	3	Northridge Middle School, Arkansas, United States	US	USAR		35.4773	-94.3594	2039101	20150218230000	http://5newsonline.com/2015/02/18/arrest-warrant-issued-for-van-buren-teacher-accused-of-hitting-student/
410412406	20150119	201501	2015	2015.0521	EDU	STUDENT						EDU			USA	UNITED STATES	USA								1	112	112	11	3	-2.0	4	1	4	-5.70570570570571	2	Arkansas, United States	US	USAR		34.9513	-92.3809	AR	2	Arkansas, United States	US	USAR		34.9513	-92.3809	AR	2	Arkansas, United States	US	USAR		34.9513	-92.3809	AR	20150218230000	http://5newsonline.com/2015/02/18/arrest-warrant-issued-for-van-buren-teacher-accused-of-hitting-student/
410412407	20150119	201501	2015	2015.0521	ISRJUD	ISRAELI	ISR					JUD			ISR	ISRAEL	ISR								0	120	120	12	3	-4.0	3	1	3	-4.58452722063037	4	Jerusalem, Israel (general), Israel	IS	IS00	18315	31.7667	35.2333	-797092	4	Jerusalem, Israel (general), Israel	IS	IS00	18315	31.7667	35.2333	-797092	4	Jerusalem, Israel (general), Israel	IS	IS00	18315	31.7667	35.2333	-797092	20150218230000	http://www.imemc.org/article/70646
410412408	20150119	201501	2015	2015.0521	PAK	PAKISTAN	PAK																		1	046	046	04	1	7.0	2	1	2	-4.27350427350427	4	Gandhinagar, Gujarat, India	IN	IN09	17645	23.2167	72.6833	-2095816	0								1	Pakistan	PK	PK		30	70	PK	20150218230000	http://www.dailymail.co.uk/indiahome/indianews/article-2959193/WHIPLASH-Terror-boat-returns-haunt-Government.html
410412409	20150119	201501	2015	2015.0521	USA	UNITED STATES	USA																		1	081	081	08	2	5.0	2	1	2	-3.16455696202532	3	Portland, Oregon, United States	US	USOR	OR051	45.5235	-122.676	1136645	0								3	Portland, Oregon, United States	US	USOR	OR051	45.5235	-122.676	1136645	20150218230000	http://www.oregonlive.com/politics/index.ssf/2015/02/john_kitzhaber_granted_clemenc.html
410412410	20150119	201501	2015	2015.0521	USA	NEW YORK	USA								BUS	PRODUCER						BUS			1	193	193	19	4	-10.0	7	1	7	2.38095238095238	2	Texas, United States	US	USTX		31.106	-97.6475	TX	2	Texas, United States	US	USTX		31.106	-97.6475	TX	2	Texas, United States	US	USTX		31.106	-97.6475	TX	20150218230000	http://www.upi.com/Entertainment_News/Movies/2015/02/18/Bono-and-Willie-Nelson-collaborating-on-a-song-for-Waiting-for-the-Miracle-to-Come-film/5891424288207/
410412411	20150119	201501	2015	2015.0521	USA	NEW YORK	USA								MED	WRITER						MED			1	193	193	19	4	-10.0	3	1	3	2.38095238095238	2	Texas, United States	US	USTX		31.106	-97.6475	TX	2	Texas, United States	US	USTX		31.106	-97.6475	TX	2	Texas, United States	US	USTX		31.106	-97.6475	TX	20150218230000	http://www.upi.com/Entertainment_News/Movies/2015/02/18/Bono-and-Willie-Nelson-collaborating-on-a-song-for-Waiting-for-the-Miracle-to-Come-film/5891424288207/
410412412	20150211	201502	2015	2015.1123											JUD	JUDICIARY						JUD			1	043	043	04	1	2.8	4	1	4	0.62695924764891	0								3	South Bend, Indiana, United States	US	USIN		41.6834	-86.25	452796	2	Indiana, United States	US	USIN		39.8647	-86.2604	IN	20150218230000	http://www.lgbtqnation.com/2015/02/indiana-senate-panel-advances-religious-freedom-bill-to-allow-anti-gay-discrimination/
410412413	20150211	201502	2015	2015.1123											TUR	TURKEY	TUR								0	043	043	04	1	2.8	1	1	1	1.15761353517364	0								4	Gezi, Kayseri, Turkey	TU	TU38	28006	38.7918	35.6592	-749675	4	Gezi, Kayseri, Turkey	TU	TU38	28006	38.7918	35.6592	-749675	20150218230000	http://www.al-monitor.com/pulse/originals/2015/02/turkey-opposition-united-states-electoral-campaign.html
410412414	20150211	201502	2015	2015.1123	BEL	BELGIUM	BEL								LEG	PARLIAMENT						LEG			1	111	111	11	3	-2.0	2	1	2	-3.16139767054908	4	Athens, AttikíR, Greece	GR	GR35	16716	37.9833	23.7333	-814876	4	Athens, AttikíR, Greece	GR	GR35	16716	37.9833	23.7333	-814876	4	Athens, AttikíR, Greece	GR	GR35	16716	37.9833	23.7333	-814876	20150218230000	http://www.the-american-interest.com/2015/02/18/recurring-failed-populist-syndrome/
410412415	20150211	201502	2015	2015.1123	BUS	COMPANY						BUS			USA	UNITED STATES	USA								0	040	040	04	1	1.0	2	1	2	0.858369098712447	3	Waltham, Massachusetts, United States	US	USMA	MA017	42.3765	-71.2356	612400	3	Waltham, Massachusetts, United States	US	USMA	MA017	42.3765	-71.2356	612400	2	Texas, United States	US	USTX		31.106	-97.6475	TX	20150218230000	http://www.betaboston.com/news/2014/07/09/simplivity-is-bostons-fastest-growing-tech-firm/
410412416	20150211	201502	2015	2015.1123	BUS	COMPANY						BUS			USA	AUSTIN	USA								0	040	040	04	1	1.0	1	1	1	0.858369098712447	3	Waltham, Massachusetts, United States	US	USMA	MA017	42.3765	-71.2356	612400	2	Texas, United States	US	USTX		31.106	-97.6475	TX	2	Texas, United States	US	USTX		31.106	-97.6475	TX	20150218230000	http://www.betaboston.com/news/2014/07/09/simplivity-is-bostons-fastest-growing-tech-firm/
410412417	20150211	201502	2015	2015.1123	EDU	SCHOOL						EDU													1	1043	104	10	3	-5.0	10	1	10	0	3	Deland High School, Florida, United States	US	USFL	FL127	29.0411	-81.284	299399	0								3	Deland High School, Florida, United States	US	USFL		29.0411	-81.284	299399	20150218230000	http://www.wftv.com/news/news/local/volusia-county-teachers-meet-district-demand-bette/nkDjK/
410412418	20150211	201502	2015	2015.1123	JUD	JUDICIARY						JUD													1	042	042	04	1	1.9	1	1	1	0.62695924764891	3	Bloomington, Indiana, United States	US	USIN	IN105	39.1653	-86.5264	431207	0								3	Bloomington, Indiana, United States	US	USIN	IN105	39.1653	-86.5264	431207	20150218230000	http://www.lgbtqnation.com/2015/02/indiana-senate-panel-advances-religious-freedom-bill-to-allow-anti-gay-discrimination/
410412419	20150211	201502	2015	2015.1123	JUD	JUDICIARY						JUD													1	042	042	04	1	1.9	4	1	4	0.62695924764891	3	South Bend, Indiana, United States	US	USIN	IN141	41.6834	-86.25	452796	0								2	Indiana, United States	US	USIN		39.8647	-86.2604	IN	20150218230000	http://www.lgbtqnation.com/2015/02/indiana-senate-panel-advances-religious-freedom-bill-to-allow-anti-gay-discrimination/
410412420	20150211	201502	2015	2015.1123	TUR	TURKEY	TUR																		0	020	020	02	1	3.0	10	1	10	-5.36659108087679	4	Mersin, Iç, Turkey	TU	TU32	27868	36.7328	34.6442	-765055	0								4	Mersin, Iç, Turkey	TU	TU32	27868	36.7328	34.6442	-765055	20150218230000	http://www.huffingtonpost.com/jeanne-zaino/how-a-young-womans-murder_b_6694104.html
410412421	20150211	201502	2015	2015.1123	TUR	TURKEY	TUR																		0	042	042	04	1	1.9	1	1	1	1.15761353517364	4	Gezi, Kayseri, Turkey	TU	TU38	28006	38.7918	35.6592	-749675	0								4	Gezi, Kayseri, Turkey	TU	TU38	28006	38.7918	35.6592	-749675	20150218230000	http://www.al-monitor.com/pulse/originals/2015/02/turkey-opposition-united-states-electoral-campaign.html
410412422	20150211	201502	2015	2015.1123	TUR	TURKEY	TUR																		0	140	140	14	3	-6.5	10	1	10	-5.36659108087679	4	Mersin, Iç, Turkey	TU	TU32	27868	36.7328	34.6442	-765055	0								4	Mersin, Iç, Turkey	TU	TU32	27868	36.7328	34.6442	-765055	20150218230000	http://www.huffingtonpost.com/jeanne-zaino/how-a-young-womans-murder_b_6694104.html
410412423	20150211	201502	2015	2015.1123	USA	UNITED STATES	USA								BUS	COMPANY						BUS			0	040	040	04	1	1.0	2	1	2	0.858369098712447	3	Waltham, Massachusetts, United States	US	USMA	MA017	42.3765	-71.2356	612400	3	Waltham, Massachusetts, United States	US	USMA	MA017	42.3765	-71.2356	612400	2	Texas, United States	US	USTX		31.106	-97.6475	TX	20150218230000	http://www.betaboston.com/news/2014/07/09/simplivity-is-bostons-fastest-growing-tech-firm/
410412424	20150211	201502	2015	2015.1123	USA	AUSTIN	USA								BUS	COMPANY						BUS			0	040	040	04	1	1.0	1	1	1	0.858369098712447	2	Texas, United States	US	USTX		31.106	-97.6475	TX	3	Waltham, Massachusetts, United States	US	USMA	MA017	42.3765	-71.2356	612400	2	Texas, United States	US	USTX		31.106	-97.6475	TX	20150218230000	http://www.betaboston.com/news/2014/07/09/simplivity-is-bostons-fastest-growing-tech-firm/
410412425	20150211	201502	2015	2015.1123	ZMB	LUSAKA	ZMB								ZMBJUD	ZAMBIA	ZMB					JUD			0	114	114	11	3	-2.0	2	1	2	-4.57604306864064	4	Lusaka, Lusaka, Zambia	ZA	ZA09	65208	-15.4167	28.2833	-2291861	4	Lusaka, Lusaka, Zambia	ZA	ZA09	65208	-15.4167	28.2833	-2291861	4	Lusaka, Lusaka, Zambia	ZA	ZA09	65208	-15.4167	28.2833	-2291861	20150218230000	http://www.postzambia.com/news.php?id=5994
410412426	20150211	201502	2015	2015.1123	ZMBJUD	LUSAKA	ZMB					JUD													0	114	114	11	3	-2.0	6	1	6	-4.57604306864064	4	Lusaka, Lusaka, Zambia	ZA	ZA09	65208	-15.4167	28.2833	-2291861	0								4	Lusaka, Lusaka, Zambia	ZA	ZA09	65208	-15.4167	28.2833	-2291861	20150218230000	http://www.postzambia.com/news.php?id=5994
410412427	20150217	201502	2015	2015.1288	AFR	AFRICA	AFR								GOV	MINIST						GOV			1	013	013	01	1	0.4	2	1	2	-1.72413793103449	1	South Africa	SF	SF		-29	24	SF	1	South Africa	SF	SF		-29	24	SF	1	South Africa	SF	SF		-29	24	SF	20150218230000	http://www.timeslive.co.za/thetimes/2015/02/19/zuma-has-second-chance-to-inspire-confidence
410412428	20150217	201502	2015	2015.1288	COPGOV	PRISON						COP	GOV		HLH	HOSPITAL						HLH			1	042	042	04	1	1.9	1	1	1	-7.88381742738589	4	Dublin, Dublin, Ireland	EI	EI07	18288	53.3331	-6.24889	-1502554	4	Dublin, Dublin, Ireland	EI	EI07	18288	53.3331	-6.24889	-1502554	4	Dublin, Dublin, Ireland	EI	EI07	18288	53.3331	-6.24889	-1502554	20150218230000	http://www.herald.ie/news/prisoner-at-large-derek-brockwell-tasered-caught-by-police-in-the-north-31003890.html
410412429	20150217	201502	2015	2015.1288	COPGOV	PRISON						COP	GOV		HLH	HOSPITAL						HLH			1	042	042	04	1	1.9	7	1	7	-7.88381742738589	4	London, London, City of, United Kingdom	UK	UKH9	40110	51.5	-0.116667	-2601889	4	London, London, City of, United Kingdom	UK	UKH9	40110	51.5	-0.116667	-2601889	4	London, London, City of, United Kingdom	UK	UKH9	40110	51.5	-0.116667	-2601889	20150218230000	http://www.herald.ie/news/prisoner-at-large-derek-brockwell-tasered-caught-by-police-in-the-north-31003890.html
410412430	20150217	201502	2015	2015.1288	CVL	VILLAGE						CVL			NER	NIGER	NER								1	195	195	19	4	-10.0	1	1	1	-4.37710437710438	1	Benin	BN	BN		9.5	2.25	BN	1	Benin	BN	BN		9.5	2.25	BN	1	Cameroon	CM	CM		6	12	CM	20150218230000	http://www.huffingtonpost.com/2015/02/18/dozens-killed-in-bombing-_n_6708574.html
410412431	20150217	201502	2015	2015.1288	GBR	UNITED KINGDOM	GBR								IRL	IRELAND	IRL								1	192	192	19	4	-9.5	1	1	1	-7.34693877551021	4	Belfast, Belfast, United Kingdom	UK	UKR3	40158	54.5833	-5.93333	-2589607	4	Dublin, Dublin, Ireland	EI	EI07	18288	53.3331	-6.24889	-1502554	4	Belfast, Belfast, United Kingdom	UK	UKR3	40158	54.5833	-5.93333	-2589607	20150218230000	http://www.mirror.co.uk/news/world-news/derek-brockwell-prisoner-who-escaped-5187613
410412432	20150217	201502	2015	2015.1288	GBR	UNITED KINGDOM	GBR								IRLCOP	IRELAND	IRL					COP			1	192	192	19	4	-9.5	1	1	1	-7.34693877551021	4	Belfast, Belfast, United Kingdom	UK	UKR3	40158	54.5833	-5.93333	-2589607	4	Portlaoise, Laois, Ireland	EI	EI15	18302	53.0322	-7.3	-1505109	4	Belfast, Belfast, United Kingdom	UK	UKR3	40158	54.5833	-5.93333	-2589607	20150218230000	http://www.mirror.co.uk/news/world-news/derek-brockwell-prisoner-who-escaped-5187613
410412433	20150217	201502	2015	2015.1288	GBR	UNITED KINGDOM	GBR								IRLCOP	IRELAND	IRL					COP			1	192	192	19	4	-9.5	1	1	1	-7.34693877551021	4	Belfast, Belfast, United Kingdom	UK	UKR3	40158	54.5833	-5.93333	-2589607	4	Belfast, Belfast, United Kingdom	UK	UKR3	40158	54.5833	-5.93333	-2589607	4	Belfast, Belfast, United Kingdom	UK	UKR3	40158	54.5833	-5.93333	-2589607	20150218230000	http://www.mirror.co.uk/news/world-news/derek-brockwell-prisoner-who-escaped-5187613
410412434	20150217	201502	2015	2015.1288	HLH	HOSPITAL						HLH			COPGOV	PRISON						COP	GOV		1	043	043	04	1	2.8	8	1	8	-7.88381742738589	4	Dublin, Dublin, Ireland	EI	EI07	18288	53.3331	-6.24889	-1502554	4	Dublin, Dublin, Ireland	EI	EI07	18288	53.3331	-6.24889	-1502554	4	Dublin, Dublin, Ireland	EI	EI07	18288	53.3331	-6.24889	-1502554	20150218230000	http://www.herald.ie/news/prisoner-at-large-derek-brockwell-tasered-caught-by-police-in-the-north-31003890.html
410412435	20150217	201502	2015	2015.1288	KEN	KENYA	KEN								RWAGOV	PAUL KAGAME	RWA					GOV			1	043	043	04	1	2.8	10	1	10	1.44927536231884	4	Nairobi, Nairobi Area, Kenya	KE	KE05	18585	-1.28333	36.8167	-2258072	4	Nairobi, Nairobi Area, Kenya	KE	KE05	18585	-1.28333	36.8167	-2258072	4	Nairobi, Nairobi Area, Kenya	KE	KE05	18585	-1.28333	36.8167	-2258072	20150218230000	http://www.newtimes.co.rw/section/article/2015-02-19/186142/
410412436	20150217	201502	2015	2015.1288	NGACVL	NIGERIA	NGA					CVL			NER	NIGER	NER								1	195	195	19	4	-10.0	1	1	1	-4.37710437710438	1	Benin	BN	BN		9.5	2.25	BN	1	Benin	BN	BN		9.5	2.25	BN	1	Chad	CD	CD		15	19	CD	20150218230000	http://www.huffingtonpost.com/2015/02/18/dozens-killed-in-bombing-_n_6708574.html
410412437	20150217	201502	2015	2015.1288	NGACVL	NIGERIA	NGA					CVL			NER	NIGER	NER								1	195	195	19	4	-10.0	1	1	1	-4.37710437710438	1	Benin	BN	BN		9.5	2.25	BN	1	Benin	BN	BN		9.5	2.25	BN	1	Cameroon	CM	CM		6	12	CM	20150218230000	http://www.huffingtonpost.com/2015/02/18/dozens-killed-in-bombing-_n_6708574.html
410412438	20150217	201502	2015	2015.1288	PSE	WEST BANK	PSE																		1	051	051	05	1	3.4	4	1	4	1.16959064327485	4	Bethlehem, West Bank (general), West Bank	WE	WE00	18315	31.7049	35.2038	-793854	0								4	Bethlehem, West Bank (general), West Bank	WE	WE00	18315	31.7049	35.2038	-793854	20150218230000	http://www.nzherald.co.nz/bay-of-plenty-times/news/article.cfm?c_id=1503343&objectid=11404405
410412439	20150217	201502	2015	2015.1288	RWAGOV	PAUL KAGAME	RWA					GOV			KEN	KENYA	KEN								1	042	042	04	1	1.9	10	1	10	1.44927536231884	4	Nairobi, Nairobi Area, Kenya	KE	KE05	18585	-1.28333	36.8167	-2258072	4	Nairobi, Nairobi Area, Kenya	KE	KE05	18585	-1.28333	36.8167	-2258072	4	Nairobi, Nairobi Area, Kenya	KE	KE05	18585	-1.28333	36.8167	-2258072	20150218230000	http://www.newtimes.co.rw/section/article/2015-02-19/186142/
410412440	20150217	201502	2015	2015.1288	USAJUD	ORLANDO	USA					JUD			JUD	FEDERAL COURT						JUD			0	110	110	11	3	-2.0	10	1	10	3.7125748502994	2	Texas, United States	US	USTX		31.106	-97.6475	TX	2	Texas, United States	US	USTX		31.106	-97.6475	TX	2	Texas, United States	US	USTX		31.106	-97.6475	TX	20150218230000	http://www.dallasvoice.com/texas-marriage-update-equality-texas-calls-debeauvoir-start-issuing-marriage-licenses-10190199.html
410412441	20150217	201502	2015	2015.1288	USAJUD	ORLANDO	USA					JUD			USA	TEXAS	USA								0	172	172	17	4	-5.0	10	1	10	3.7125748502994	2	Texas, United States	US	USTX		31.106	-97.6475	TX	2	Texas, United States	US	USTX		31.106	-97.6475	TX	2	Texas, United States	US	USTX		31.106	-97.6475	TX	20150218230000	http://www.dallasvoice.com/texas-marriage-update-equality-texas-calls-debeauvoir-start-issuing-marriage-licenses-10190199.html
410412442	20150218	201502	2015	2015.1315											AFG	AFGHANISTAN	AFG								0	043	043	04	1	2.8	2	1	2	2.12053571428571	0								1	Afghanistan	AF	AF		33	65	AF	3	Somerset County, New Jersey, United States	US	USNJ		40.5668	-74.5496	882234	20150218230000	http://centraljersey.com/articles/2015/02/18/the_manville_news/featured/doc54e5051d247d0896908107.txt
410412443	20150218	201502	2015	2015.1315											AFRMIL	AFRICA	AFR					MIL			0	043	043	04	1	2.8	2	1	2	-4.4776119402985	0								4	Waterkloof, Free State, South Africa	SF	SF03	77359	-30.3098	25.2971	-1299321	4	Waterkloof, Free State, South Africa	SF	SF03	77359	-30.3098	25.2971	-1299321	20150218230000	http://www.dailymaverick.co.za/article/2015-02-19-sona2015-jamming-state-security-agency-steps-forward-blames-low-ranking-operator/
410412444	20150218	201502	2015	2015.1315											AUSLAB	AUSTRALIA	AUS					LAB			0	060	060	06	2	6.0	1	1	1	1.22850122850123	0								1	Australia	AS	AS		-27	133	AS	1	Australia	AS	AS		-27	133	AS	20150218230000	http://www.moneymanagement.com.au/news/investment/exchange-traded-funds/etf-market-to-power-on-to-100-million-level
